"importjobid","contigname","start","end","names","referenceallele","alternatealleles","qual","filters","splitfrommultiallelic","attributes","phased","calls","genotypelikelihoods","phredlikelihoods","alleledepths","conditionalquality","spl","depth","ps","sampleid","information","annotations"
"a088b592-8443-4c8b-a555-4c09623fb792-0","1","66925","66927","[3385321]","AG","[A]",,,"false","{CLNVC=Deletion, CLNDISDB=Human_Phenotype_Ontology:HP:0000547,MONDO:MONDO:0019200,MeSH:D012174,MedGen:C0035334,OMIM:268000,OMIM:PS268000,Orphanet:791, CLNSIG=Uncertain_significance, GENEINFO=OR4F5:79501, CLNSIGSCV=SCV005419006, CLNVCSO=SO:0000159, ORIGIN=0, MC=SO:0001627|intron_variant, CLNREVSTAT=criteria_provided,_single_submitter, CLNDN=Retinitis_pigmentosa, ALLELEID=3544463, CLNHGVS=NC_000001.11:g.66927del}",,,,,,,,,,,,"{vep=null}"
"a088b592-8443-4c8b-a555-4c09623fb792-0","1","69133","69134","[2205837]","A","[G]",,,"false","{CLNVC=single_nucleotide_variant, RS=781394307, CLNDISDB=MedGen:CN169374, CLNSIG=Likely_benign, GENEINFO=OR4F5:79501, CLNSIGSCV=SCV003526545, CLNVCSO=SO:0001483, CLNVI=ClinGen:CA502008, ORIGIN=1, MC=SO:0001583|missense_variant, CLNREVSTAT=criteria_provided,_single_submitter, CLNDN=not_specified, ALLELEID=2193183, CLNHGVS=NC_000001.11:g.69134A>G}",,,,,,,,,,,,"{vep=null}"
"a088b592-8443-4c8b-a555-4c09623fb792-0","1","69307","69308","[3925305]","A","[G]",,,"false","{CLNVC=single_nucleotide_variant, CLNDISDB=MedGen:CN169374, CLNSIG=Uncertain_significance, GENEINFO=OR4F5:79501, CLNSIGSCV=SCV006120601, CLNVCSO=SO:0001483, ORIGIN=1, MC=SO:0001583|missense_variant, CLNREVSTAT=criteria_provided,_single_submitter, CLNDN=not_specified, ALLELEID=4039319, CLNHGVS=NC_000001.11:g.69308A>G}",,,,,,,,,,,,"{vep=null}"
"a088b592-8443-4c8b-a555-4c09623fb792-0","1","69313","69314","[3205580]","T","[G]",,,"false","{CLNVC=single_nucleotide_variant, RS=2521653848, CLNDISDB=MedGen:CN169374, CLNSIG=Uncertain_significance, GENEINFO=OR4F5:79501, CLNSIGSCV=SCV004995495, CLNVCSO=SO:0001483, CLNVI=ClinGen:CA338197388, ORIGIN=1, MC=SO:0001583|missense_variant, CLNREVSTAT=criteria_provided,_single_submitter, CLNDN=not_specified, ALLELEID=3374047, CLNHGVS=NC_000001.11:g.69314T>G}",,,,,,,,,,,,"{vep=null}"
"a088b592-8443-4c8b-a555-4c09623fb792-0","1","69403","69404","[3925306]","T","[C]",,,"false","{CLNVC=single_nucleotide_variant, CLNDISDB=MedGen:CN169374, CLNSIG=Uncertain_significance, GENEINFO=OR4F5:79501, CLNSIGSCV=SCV006120602, CLNVCSO=SO:0001483, ORIGIN=1, MC=SO:0001583|missense_variant, CLNREVSTAT=criteria_provided,_single_submitter, CLNDN=not_specified, ALLELEID=4039320, CLNHGVS=NC_000001.11:g.69404T>C}",,,,,,,,,,,,"{vep=null}"
"a088b592-8443-4c8b-a555-4c09623fb792-0","1","69422","69423","[3205581]","G","[A]",,,"false","{CLNVC=single_nucleotide_variant, RS=2521654033, CLNDISDB=MedGen:CN169374, CLNSIG=Uncertain_significance, GENEINFO=OR4F5:79501, CLNSIGSCV=SCV004995496, CLNVCSO=SO:0001483, CLNVI=ClinGen:CA338197763, ORIGIN=1, MC=SO:0001583|missense_variant, CLNREVSTAT=criteria_provided,_single_submitter, CLNDN=not_specified, ALLELEID=3374048, CLNHGVS=NC_000001.11:g.69423G>A}",,,,,,,,,,,,"{vep=null}"
"a088b592-8443-4c8b-a555-4c09623fb792-0","1","69580","69581","[2252161]","C","[G]",,,"false","{CLNVC=single_nucleotide_variant, RS=1570409925, CLNDISDB=MedGen:CN169374, CLNSIG=Uncertain_significance, GENEINFO=OR4F5:79501, CLNSIGSCV=SCV003584698, CLNVCSO=SO:0001483, CLNVI=ClinGen:CA338198277, ORIGIN=1, MC=SO:0001583|missense_variant, CLNREVSTAT=criteria_provided,_single_submitter, CLNDN=not_specified, ALLELEID=2238986, CLNHGVS=NC_000001.11:g.69581C>G}",,,,,,,,,,,,"{vep=null}"
"a088b592-8443-4c8b-a555-4c09623fb792-0","1","69681","69682","[2396347]","G","[A]",,,"false","{CLNVC=single_nucleotide_variant, RS=766444643, CLNDISDB=MedGen:CN169374, CLNSIG=Uncertain_significance, GENEINFO=OR4F5:79501, CLNSIGSCV=SCV003739621, CLNVCSO=SO:0001483, CLNVI=ClinGen:CA502063, AF_EXAC=0.00007, ORIGIN=1, MC=SO:0001583|missense_variant, CLNREVSTAT=criteria_provided,_single_submitter, CLNDN=not_specified, ALLELEID=2386655, CLNHGVS=NC_000001.11:g.69682G>A}",,,,,,,,,,,,"{vep=null}"
"a088b592-8443-4c8b-a555-4c09623fb792-0","1","69730","69731","[3205582]","T","[C]",,,"false","{CLNVC=single_nucleotide_variant, RS=1224500596, CLNDISDB=MedGen:CN169374, CLNSIG=Uncertain_significance, GENEINFO=OR4F5:79501, CLNSIGSCV=SCV004995497, CLNVCSO=SO:0001483, CLNVI=ClinGen:CA338198606, ORIGIN=1, MC=SO:0001583|missense_variant, CLNREVSTAT=criteria_provided,_single_submitter, CLNDN=not_specified, ALLELEID=3374049, CLNHGVS=NC_000001.11:g.69731T>C}",,,,,,,,,,,,"{vep=null}"
"a088b592-8443-4c8b-a555-4c09623fb792-0","1","69768","69769","[2288999]","T","[C]",,,"false","{CLNVC=single_nucleotide_variant, RS=2521655946, CLNDISDB=MedGen:CN169374, CLNSIG=Uncertain_significance, GENEINFO=OR4F5:79501, CLNSIGSCV=SCV003620560, CLNVCSO=SO:0001483, CLNVI=ClinGen:CA338198691, ORIGIN=1, MC=SO:0001583|missense_variant, CLNREVSTAT=criteria_provided,_single_submitter, CLNDN=not_specified, ALLELEID=2278803, CLNHGVS=NC_000001.11:g.69769T>C}",,,,,,,,,,,,"{vep=null}"
"a088b592-8443-4c8b-a555-4c09623fb792-0","1","69988","69989","[3925307]","A","[C]",,,"false","{CLNVC=single_nucleotide_variant, CLNDISDB=MedGen:CN169374, CLNSIG=Uncertain_significance, GENEINFO=OR4F5:79501, CLNSIGSCV=SCV006120603, CLNVCSO=SO:0001483, ORIGIN=1, MC=SO:0001583|missense_variant, CLNREVSTAT=criteria_provided,_single_submitter, CLNDN=not_specified, ALLELEID=4039321, CLNHGVS=NC_000001.11:g.69989A>C}",,,,,,,,,,,,"{vep=null}"
"a088b592-8443-4c8b-a555-4c09623fb792-0","1","69994","69995","[2351346]","G","[C]",,,"false","{CLNVC=single_nucleotide_variant, RS=778633020, CLNDISDB=MedGen:CN169374, CLNSIG=Uncertain_significance, GENEINFO=OR4F5:79501, CLNSIGSCV=SCV003688488, CLNVCSO=SO:0001483, CLNVI=ClinGen:CA502093, ORIGIN=1, MC=SO:0001583|missense_variant, CLNREVSTAT=criteria_provided,_single_submitter, CLNDN=not_specified, ALLELEID=2333177, CLNHGVS=NC_000001.11:g.69995G>C}",,,,,,,,,,,,"{vep=null}"
"a088b592-8443-4c8b-a555-4c09623fb792-0","1","809283","809284","[3892489]","T","[TGGTCAATCA]",,,"false","{CLNVC=Insertion, ORIGIN=1, CLNDISDB=MONDO:MONDO:0024537,MedGen:C0796274,OMIM:211530,Orphanet:572543,Orphanet:97229|MONDO:MONDO:0100428,MedGen:C0015708,OMIM:211500, CLNSIG=Benign, CLNREVSTAT=criteria_provided,_single_submitter, GENEINFO=LINC01409:105378580, CLNSIGSCV=SCV006059617, CLNVCSO=SO:0000667, CLNDN=Brown-Vialetto-van_Laere_syndrome_1|Progressive_bulbar_palsy_of_childhood, ALLELEID=4008375, CLNHGVS=NC_000001.11:g.809289_809290insATCAGGTCA}",,,,,,,,,,,,"{vep=null}"
"a088b592-8443-4c8b-a555-4c09623fb792-0","1","924517","924518","[3388928]","G","[C]",,,"false","{CLNVC=single_nucleotide_variant, CLNDISDB=MedGen:C3661900, CLNSIG=Likely_benign, GENEINFO=SAMD11:148398|LOC107985728:107985728, CLNSIGSCV=SCV005435063, CLNVCSO=SO:0001483, ORIGIN=1, MC=SO:0001819|synonymous_variant, CLNREVSTAT=criteria_provided,_single_submitter, CLNDN=not_provided, ALLELEID=3548054, CLNHGVS=NC_000001.11:g.924518G>C}",,,,,,,,,,,,"{vep=null}"
"a088b592-8443-4c8b-a555-4c09623fb792-0","1","925945","925946","[1924157]","C","[G]",,,"false","{CLNVC=single_nucleotide_variant, RS=761145583, CLNDISDB=MedGen:C3661900, CLNSIG=Uncertain_significance, GENEINFO=SAMD11:148398, CLNSIGSCV=SCV002959971, CLNVCSO=SO:0001483, CLNVI=ClinGen:CA502379, AF_EXAC=0.00001, ORIGIN=1, MC=SO:0001583|missense_variant, CLNREVSTAT=criteria_provided,_single_submitter, CLNDN=not_provided, ALLELEID=1983057, CLNHGVS=NC_000001.11:g.925946C>G}",,,,,,,,,,,,"{vep=null}"
"a088b592-8443-4c8b-a555-4c09623fb792-0","1","925951","925952","[1019397]","G","[A]",,,"false","{CLNVC=single_nucleotide_variant, RS=1640863258, CLNDISDB=MedGen:C3661900, CLNSIG=Uncertain_significance, GENEINFO=SAMD11:148398, CLNSIGSCV=SCV001509541, CLNVCSO=SO:0001483, CLNVI=ClinGen:CA337788218, ORIGIN=1, MC=SO:0001583|missense_variant, CLNREVSTAT=criteria_provided,_single_submitter, CLNDN=not_provided, ALLELEID=1003021, CLNHGVS=NC_000001.11:g.925952G>A}",,,,,,,,,,,,"{vep=null}"
"a088b592-8443-4c8b-a555-4c09623fb792-0","1","925955","925956","[1543320]","C","[T]",,,"false","{CLNVC=single_nucleotide_variant, RS=1342334044, CLNDISDB=MedGen:C3661900, CLNSIG=Likely_benign, GENEINFO=SAMD11:148398, CLNSIGSCV=SCV002335012, CLNVCSO=SO:0001483, CLNVI=ClinGen:CA415378520, ORIGIN=1, MC=SO:0001819|synonymous_variant, CLNREVSTAT=criteria_provided,_single_submitter, CLNDN=not_provided, ALLELEID=1632777, CLNHGVS=NC_000001.11:g.925956C>T}",,,,,,,,,,,,"{vep=null}"
"a088b592-8443-4c8b-a555-4c09623fb792-0","1","925960","925961","[2069387]","A","[T]",,,"false","{CLNVC=single_nucleotide_variant, RS=754119496, CLNDISDB=MedGen:C3661900, CLNSIG=Uncertain_significance, GENEINFO=SAMD11:148398, CLNSIGSCV=SCV003279406, CLNVCSO=SO:0001483, CLNVI=ClinGen:CA502381, AF_EXAC=0.00001, ORIGIN=1, MC=SO:0001583|missense_variant, CLNREVSTAT=criteria_provided,_single_submitter, CLNDN=not_provided, ALLELEID=2129477, CLNHGVS=NC_000001.11:g.925961A>T}",,,,,,,,,,,,"{vep=null}"
"a088b592-8443-4c8b-a555-4c09623fb792-0","1","925968","925969","[1648427]","C","[T]",,,"false","{CLNVC=single_nucleotide_variant, RS=200686669, CLNDISDB=MedGen:C3661900, CLNSIG=Likely_benign, GENEINFO=SAMD11:148398, CLNSIGSCV=SCV002470140, CLNVCSO=SO:0001483, CLNVI=ClinGen:CA502382, AF_EXAC=0.00033, ORIGIN=1, MC=SO:0001583|missense_variant, CLNREVSTAT=criteria_provided,_single_submitter, CLNDN=not_provided, ALLELEID=1600580, CLNHGVS=NC_000001.11:g.925969C>T}",,,,,,,,,,,,"{vep=null}"
"a088b592-8443-4c8b-a555-4c09623fb792-0","1","925975","925976","[1362713]","T","[C]",,,"false","{CLNVC=single_nucleotide_variant, RS=1030245330, CLNDISDB=MedGen:CN169374|MedGen:C3661900, CLNSIG=Uncertain_significance, GENEINFO=SAMD11:148398, CLNSIGSCV=SCV002135030|SCV003616620, CLNVCSO=SO:0001483, CLNVI=ClinGen:CA16702493, ORIGIN=1, MC=SO:0001583|missense_variant, CLNREVSTAT=criteria_provided,_multiple_submitters,_no_conflicts, CLNDN=not_specified|not_provided, ALLELEID=1396033, CLNHGVS=NC_000001.11:g.925976T>C}",,,,,,,,,,,,"{vep=null}"
"a088b592-8443-4c8b-a555-4c09623fb792-0","1","925979","925980","[1936488]","C","[T]",,,"false","{CLNVC=single_nucleotide_variant, RS=931465641, CLNDISDB=MedGen:C3661900, CLNSIG=Likely_benign, GENEINFO=SAMD11:148398, CLNSIGSCV=SCV002977672, CLNVCSO=SO:0001483, CLNVI=ClinGen:CA16702505, ORIGIN=1, MC=SO:0001819|synonymous_variant, CLNREVSTAT=criteria_provided,_single_submitter, CLNDN=not_provided, ALLELEID=1986319, CLNHGVS=NC_000001.11:g.925980C>T}",,,,,,,,,,,,"{vep=null}"
"a088b592-8443-4c8b-a555-4c09623fb792-0","1","925985","925986","[1568423]","C","[T]",,,"false","{CLNVC=single_nucleotide_variant, RS=1640864832, CLNDISDB=MedGen:C3661900, CLNSIG=Likely_benign, GENEINFO=SAMD11:148398, CLNSIGSCV=SCV002368344, CLNVCSO=SO:0001483, CLNVI=ClinGen:CA415378554, ORIGIN=1, MC=SO:0001819|synonymous_variant, CLNREVSTAT=criteria_provided,_single_submitter, CLNDN=not_provided, ALLELEID=1570515, CLNHGVS=NC_000001.11:g.925986C>T}",,,,,,,,,,,,"{vep=null}"
"a088b592-8443-4c8b-a555-4c09623fb792-0","1","926002","926003","[1365270]","C","[T]",,,"false","{CLNVC=single_nucleotide_variant, RS=1329301928, CLNDISDB=MedGen:C3661900, CLNSIG=Uncertain_significance, GENEINFO=SAMD11:148398, CLNSIGSCV=SCV002135823, CLNVCSO=SO:0001483, CLNVI=ClinGen:CA337788357, ORIGIN=1, MC=SO:0001583|missense_variant, CLNREVSTAT=criteria_provided,_single_submitter, CLNDN=not_provided, ALLELEID=1502313, CLNHGVS=NC_000001.11:g.926003C>T}",,,,,,,,,,,,"{vep=null}"
"a088b592-8443-4c8b-a555-4c09623fb792-0","1","926009","926010","[1632958]","G","[T]",,,"false","{CLNVC=single_nucleotide_variant, RS=889842126, CLNDISDB=MedGen:C3661900, CLNSIG=Likely_benign, GENEINFO=SAMD11:148398, CLNSIGSCV=SCV002441628, CLNVCSO=SO:0001483, CLNVI=ClinGen:CA415378577, ORIGIN=1, MC=SO:0001819|synonymous_variant, CLNREVSTAT=criteria_provided,_single_submitter, CLNDN=not_provided, ALLELEID=1545352, CLNHGVS=NC_000001.11:g.926010G>T}",,,,,,,,,,,,"{vep=null}"
"a088b592-8443-4c8b-a555-4c09623fb792-0","1","926013","926014","[1377425]","G","[A]",,,"false","{CLNVC=single_nucleotide_variant, RS=2100289567, CLNDISDB=MedGen:C3661900, CLNSIG=Uncertain_significance, GENEINFO=SAMD11:148398, CLNSIGSCV=SCV002146992, CLNVCSO=SO:0001483, CLNVI=ClinGen:CA337788387, ORIGIN=1, MC=SO:0001575|splice_donor_variant, CLNREVSTAT=criteria_provided,_single_submitter, CLNDN=not_provided, ALLELEID=1473095, CLNHGVS=NC_000001.11:g.926014G>A}",,,,,,,,,,,,"{vep=null}"
"a088b592-8443-4c8b-a555-4c09623fb792-0","1","926017","926018","[1979359]","G","[A]",,,"false","{CLNVC=single_nucleotide_variant, RS=1374430336, CLNDISDB=MedGen:C3661900, CLNSIG=Uncertain_significance, GENEINFO=SAMD11:148398, CLNSIGSCV=SCV003021351, CLNVCSO=SO:0001483, CLNVI=ClinGen:CA415378589, ORIGIN=1, MC=SO:0001627|intron_variant, CLNREVSTAT=criteria_provided,_single_submitter, CLNDN=not_provided, ALLELEID=2034738, CLNHGVS=NC_000001.11:g.926018G>A}",,,,,,,,,,,,"{vep=null}"
"a088b592-8443-4c8b-a555-4c09623fb792-0","1","926024","926025","[1555362]","G","[A]",,,"false","{CLNVC=single_nucleotide_variant, RS=1569858266, CLNDISDB=MedGen:C3661900, CLNSIG=Likely_benign, GENEINFO=SAMD11:148398, CLNSIGSCV=SCV002356033, CLNVCSO=SO:0001483, CLNVI=ClinGen:CA415378617, ORIGIN=1, MC=SO:0001627|intron_variant, CLNREVSTAT=criteria_provided,_single_submitter, CLNDN=not_provided, ALLELEID=1550067, CLNHGVS=NC_000001.11:g.926025G>A}",,,,,,,,,,,,"{vep=null}"
"a088b592-8443-4c8b-a555-4c09623fb792-0","1","926025","926026","[2089674]","G","[A]",,,"false","{CLNVC=single_nucleotide_variant, RS=942779903, CLNDISDB=MedGen:C3661900, CLNSIG=Likely_benign, GENEINFO=SAMD11:148398, CLNSIGSCV=SCV003306527, CLNVCSO=SO:0001483, CLNVI=ClinGen:CA415378620, ORIGIN=1, MC=SO:0001627|intron_variant, CLNREVSTAT=criteria_provided,_single_submitter, CLNDN=not_provided, ALLELEID=2155344, CLNHGVS=NC_000001.11:g.926026G>A}",,,,,,,,,,,,"{vep=null}"
"a088b592-8443-4c8b-a555-4c09623fb792-0","1","926025","926026","[2957935]","G","[T]",,,"false","{CLNVC=single_nucleotide_variant, RS=942779903, CLNDISDB=MedGen:C3661900, CLNSIG=Likely_benign, GENEINFO=SAMD11:148398, CLNSIGSCV=SCV004614678, CLNVCSO=SO:0001483, CLNVI=ClinGen:CA16702537, ORIGIN=1, MC=SO:0001627|intron_variant, CLNREVSTAT=criteria_provided,_single_submitter, CLNDN=not_provided, ALLELEID=3119147, CLNHGVS=NC_000001.11:g.926026G>T}",,,,,,,,,,,,"{vep=null}"
"a088b592-8443-4c8b-a555-4c09623fb792-0","1","926026","926027","[1561208]","C","[T]",,,"false","{CLNVC=single_nucleotide_variant, RS=2100289613, CLNDISDB=MedGen:C3661900, CLNSIG=Likely_benign, GENEINFO=SAMD11:148398, CLNSIGSCV=SCV002351475, CLNVCSO=SO:0001483, CLNVI=ClinGen:CA2573131892, ORIGIN=1, MC=SO:0001627|intron_variant, CLNREVSTAT=criteria_provided,_single_submitter, CLNDN=not_provided, ALLELEID=1641615, CLNHGVS=NC_000001.11:g.926027C>T}",,,,,,,,,,,,"{vep=null}"
"a088b592-8443-4c8b-a555-4c09623fb792-0","1","926028","926029","[1624593]","C","[T]",,,"false","{CLNVC=single_nucleotide_variant, RS=755010695, CLNDISDB=MedGen:C3661900, CLNSIG=Likely_benign, GENEINFO=SAMD11:148398, CLNSIGSCV=SCV002439574, CLNVCSO=SO:0001483, CLNVI=ClinGen:CA502391, AF_EXAC=0.00001, ORIGIN=1, MC=SO:0001627|intron_variant, CLNREVSTAT=criteria_provided,_single_submitter, CLNDN=not_provided, ALLELEID=1629212, CLNHGVS=NC_000001.11:g.926029C>T}",,,,,,,,,,,,"{vep=null}"
"a088b592-8443-4c8b-a555-4c09623fb792-0","1","930080","930102","[3038970]","AGCCCCACCTTCCTCTCCTCCT","[A]",,,"false","{CLNVC=Microsatellite, RS=879326979, CLNDISDB=., CLNSIG=Likely_benign, GENEINFO=SAMD11:148398, CLNSIGSCV=SCV004729521, CLNVCSO=SO:0000289, CLNVI=ClinGen:CA16706905, ORIGIN=1, MC=SO:0001627|intron_variant, CLNREVSTAT=no_assertion_criteria_provided, CLNDN=SAMD11-related_disorder, ALLELEID=3210071, CLNHGVS=NC_000001.11:g.930090TTCCTCTCCTCCTGCCCCACC[2]}",,,,,,,,,,,,"{vep=null}"
"a088b592-8443-4c8b-a555-4c09623fb792-0","1","930135","930136","[1541757]","T","[C]",,,"false","{CLNVC=single_nucleotide_variant, RS=2100306156, CLNDISDB=MedGen:C3661900, CLNSIG=Likely_benign, GENEINFO=SAMD11:148398, CLNSIGSCV=SCV002333478, CLNVCSO=SO:0001483, CLNVI=ClinGen:CA2573132122, ORIGIN=1, MC=SO:0001627|intron_variant, CLNREVSTAT=criteria_provided,_single_submitter, CLNDN=not_provided, ALLELEID=1631640, CLNHGVS=NC_000001.11:g.930136T>C}",,,,,,,,,,,,"{vep=null}"
"a088b592-8443-4c8b-a555-4c09623fb792-0","1","930135","930139","[1658573]","TCTC","[T]",,,"false","{CLNVC=Microsatellite, RS=759150188, CLNDISDB=MedGen:C3661900, CLNSIG=Likely_benign, GENEINFO=SAMD11:148398, CLNSIGSCV=SCV002475192, CLNVCSO=SO:0000289, CLNVI=ClinGen:CA502415, ORIGIN=1, MC=SO:0001627|intron_variant, CLNREVSTAT=criteria_provided,_single_submitter, CLNDN=not_provided, ALLELEID=1563949, CLNHGVS=NC_000001.11:g.930139CCT[1]}",,,,,,,,,,,,"{vep=null}"
"a088b592-8443-4c8b-a555-4c09623fb792-0","1","930138","930139","[1125147]","C","[T]",,,"false","{CLNVC=single_nucleotide_variant, RS=909001616, CLNDISDB=MedGen:C3661900, CLNSIG=Likely_benign, GENEINFO=SAMD11:148398, CLNSIGSCV=SCV001660537, CLNVCSO=SO:0001483, CLNVI=ClinGen:CA16706938, ORIGIN=1, MC=SO:0001627|intron_variant, CLNREVSTAT=criteria_provided,_single_submitter, CLNDN=not_provided, ALLELEID=1110865, CLNHGVS=NC_000001.11:g.930139C>T}",,,,,,,,,,,,"{vep=null}"
"a088b592-8443-4c8b-a555-4c09623fb792-0","1","930157","930158","[1502618]","C","[T]",,,"false","{CLNVC=single_nucleotide_variant, RS=1381099827, CLNDISDB=MedGen:C3661900, CLNSIG=Uncertain_significance, GENEINFO=SAMD11:148398, CLNSIGSCV=SCV002287829, CLNVCSO=SO:0001483, CLNVI=ClinGen:CA337791201, ORIGIN=1, MC=SO:0001583|missense_variant, CLNREVSTAT=criteria_provided,_single_submitter, CLNDN=not_provided, ALLELEID=1514722, CLNHGVS=NC_000001.11:g.930158C>T}",,,,,,,,,,,,"{vep=null}"
"a088b592-8443-4c8b-a555-4c09623fb792-0","1","930162","930163","[1547384]","G","[A]",,,"false","{CLNVC=single_nucleotide_variant, RS=370992396, CLNDISDB=.|MedGen:C3661900, CLNSIG=Likely_benign, GENEINFO=SAMD11:148398, CLNSIGSCV=SCV002342681, CLNVCSO=SO:0001483, CLNVI=ClinGen:CA502417, AF_EXAC=0.00029, ORIGIN=1, MC=SO:0001819|synonymous_variant, CLNREVSTAT=criteria_provided,_single_submitter, CLNDN=SAMD11-related_disorder|not_provided, ALLELEID=1571927, CLNHGVS=NC_000001.11:g.930163G>A}",,,,,,,,,,,,"{vep=null}"
"a088b592-8443-4c8b-a555-4c09623fb792-0","1","930163","930164","[1923853]","C","[T]",,,"false","{CLNVC=single_nucleotide_variant, RS=144245409, CLNDISDB=MedGen:C3661900, CLNSIG=Uncertain_significance, GENEINFO=SAMD11:148398, CLNSIGSCV=SCV002967397, CLNVCSO=SO:0001483, CLNVI=ClinGen:CA16706941, AF_TGP=0.00020, ORIGIN=1, MC=SO:0001583|missense_variant, CLNREVSTAT=criteria_provided,_single_submitter, CLNDN=not_provided, ALLELEID=1986633, CLNHGVS=NC_000001.11:g.930164C>T}",,,,,,,,,,,,"{vep=null}"
"a088b592-8443-4c8b-a555-4c09623fb792-0","1","930164","930165","[1164676]","G","[A]",,,"false","{CLNVC=single_nucleotide_variant, RS=201186828, CLNDISDB=.|MedGen:C3661900, CLNSIG=Benign, GENEINFO=SAMD11:148398, CLNSIGSCV=SCV001718056, CLNVCSO=SO:0001483, CLNVI=ClinGen:CA502418, AF_EXAC=0.00102, AF_TGP=0.00280, ORIGIN=1, MC=SO:0001583|missense_variant, CLNREVSTAT=criteria_provided,_single_submitter, CLNDN=SAMD11-related_disorder|not_provided, ALLELEID=1153701, CLNHGVS=NC_000001.11:g.930165G>A}",,,,,,,,,,,,"{vep=null}"
"a088b592-8443-4c8b-a555-4c09623fb792-0","1","930182","930183","[3436941]","C","[T]",,,"false","{CLNVC=single_nucleotide_variant, CLNDISDB=MedGen:CN169374, CLNSIG=Uncertain_significance, GENEINFO=SAMD11:148398, CLNSIGSCV=SCV005501028, CLNVCSO=SO:0001483, ORIGIN=1, MC=SO:0001583|missense_variant, CLNREVSTAT=criteria_provided,_single_submitter, CLNDN=not_specified, ALLELEID=3594678, CLNHGVS=NC_000001.11:g.930183C>T}",,,,,,,,,,,,"{vep=null}"
"a088b592-8443-4c8b-a555-4c09623fb792-0","1","930185","930186","[1365924]","T","[C]",,,"false","{CLNVC=single_nucleotide_variant, RS=776075841, CLNDISDB=MedGen:C3661900, CLNSIG=Uncertain_significance, GENEINFO=SAMD11:148398, CLNSIGSCV=SCV002132622, CLNVCSO=SO:0001483, CLNVI=ClinGen:CA502420, ORIGIN=1, MC=SO:0001583|missense_variant, CLNREVSTAT=criteria_provided,_single_submitter, CLNDN=not_provided, ALLELEID=1398914, CLNHGVS=NC_000001.11:g.930186T>C}",,,,,,,,,,,,"{vep=null}"
"a088b592-8443-4c8b-a555-4c09623fb792-0","1","930186","930187","[1144630]","C","[T]",,,"false","{CLNVC=single_nucleotide_variant, RS=375780070, CLNDISDB=MedGen:C3661900, CLNSIG=Likely_benign, GENEINFO=SAMD11:148398, CLNSIGSCV=SCV001687553, CLNVCSO=SO:0001483, CLNVI=ClinGen:CA502421, AF_EXAC=0.00005, ORIGIN=1, MC=SO:0001819|synonymous_variant, CLNREVSTAT=criteria_provided,_single_submitter, AF_ESP=0.00016, CLNDN=not_provided, ALLELEID=1131738, CLNHGVS=NC_000001.11:g.930187C>T}",,,,,,,,,,,,"{vep=null}"
"a088b592-8443-4c8b-a555-4c09623fb792-0","1","930187","930188","[846933]","G","[A]",,,"false","{CLNVC=single_nucleotide_variant, RS=770001898, CLNDISDB=MedGen:C3661900, CLNSIG=Uncertain_significance, GENEINFO=SAMD11:148398, CLNSIGSCV=SCV001214463, CLNVCSO=SO:0001483, CLNVI=ClinGen:CA502422, AF_EXAC=0.00000, ORIGIN=1, MC=SO:0001583|missense_variant, CLNREVSTAT=criteria_provided,_single_submitter, CLNDN=not_provided, ALLELEID=824438, CLNHGVS=NC_000001.11:g.930188G>A}",,,,,,,,,,,,"{vep=null}"
"a088b592-8443-4c8b-a555-4c09623fb792-0","1","930188","930189","[1478180]","C","[T]",,,"false","{CLNVC=single_nucleotide_variant, RS=776005293, CLNDISDB=MedGen:C3661900, CLNSIG=Uncertain_significance, GENEINFO=SAMD11:148398, CLNSIGSCV=SCV002257665, CLNVCSO=SO:0001483, CLNVI=ClinGen:CA502423, AF_EXAC=0.00014, ORIGIN=1, MC=SO:0001583|missense_variant, CLNREVSTAT=criteria_provided,_single_submitter, CLNDN=not_provided, ALLELEID=1351687, CLNHGVS=NC_000001.11:g.930189C>T}",,,,,,,,,,,,"{vep=null}"
"a088b592-8443-4c8b-a555-4c09623fb792-0","1","930194","930195","[1380424]","C","[G]",,,"false","{CLNVC=single_nucleotide_variant, RS=143052291, CLNDISDB=MedGen:C3661900, CLNSIG=Uncertain_significance, GENEINFO=SAMD11:148398, CLNSIGSCV=SCV002148148, CLNVCSO=SO:0001483, CLNVI=ClinGen:CA16706953, ORIGIN=1, MC=SO:0001583|missense_variant, CLNREVSTAT=criteria_provided,_single_submitter, CLNDN=not_provided, ALLELEID=1421246, CLNHGVS=NC_000001.11:g.930195C>G}",,,,,,,,,,,,"{vep=null}"
"a088b592-8443-4c8b-a555-4c09623fb792-0","1","930194","930195","[1354167]","C","[T]",,,"false","{CLNVC=single_nucleotide_variant, RS=143052291, CLNDISDB=MedGen:C3661900, CLNSIG=Uncertain_significance, GENEINFO=SAMD11:148398, CLNSIGSCV=SCV002119226, CLNVCSO=SO:0001483, CLNVI=ClinGen:CA502424, AF_EXAC=0.00004, ORIGIN=1, MC=SO:0001583|missense_variant, CLNREVSTAT=criteria_provided,_single_submitter, AF_ESP=0.00008, CLNDN=not_provided, ALLELEID=1341285, CLNHGVS=NC_000001.11:g.930195C>T}",,,,,,,,,,,,"{vep=null}"
"a088b592-8443-4c8b-a555-4c09623fb792-0","1","930198","930199","[1095790]","C","[T]",,,"false","{CLNVC=single_nucleotide_variant, RS=764574771, CLNDISDB=MedGen:C3661900, CLNSIG=Likely_benign, GENEINFO=SAMD11:148398, CLNSIGSCV=SCV001619000, CLNVCSO=SO:0001483, CLNVI=ClinGen:CA502425, AF_EXAC=0.00004, ORIGIN=1, MC=SO:0001819|synonymous_variant, CLNREVSTAT=criteria_provided,_single_submitter, CLNDN=not_provided, ALLELEID=1067609, CLNHGVS=NC_000001.11:g.930199C>T}",,,,,,,,,,,,"{vep=null}"
"a088b592-8443-4c8b-a555-4c09623fb792-0","1","930199","930200","[1043045]","G","[A]",,,"false","{CLNVC=single_nucleotide_variant, RS=368250686, CLNDISDB=MedGen:C3661900|MedGen:CN169374, CLNSIG=Conflicting_classifications_of_pathogenicity, GENEINFO=SAMD11:148398, CLNSIGSCV=SCV001541340|SCV003595924, CLNVCSO=SO:0001483, CLNVI=ClinGen:CA502426, AF_EXAC=0.00038, ORIGIN=1, CLNSIGCONF=Uncertain_significance(1)|Likely_benign(1), MC=SO:0001583|missense_variant, CLNREVSTAT=criteria_provided,_conflicting_classifications, AF_ESP=0.00039, CLNDN=not_provided|not_specified, ALLELEID=1023510, CLNHGVS=NC_000001.11:g.930200G>A}",,,,,,,,,,,,"{vep=null}"
"a088b592-8443-4c8b-a555-4c09623fb792-0","1","930200","930201","[2012623]","C","[T]",,,"false","{CLNVC=single_nucleotide_variant, RS=761732159, CLNDISDB=MedGen:C3661900, CLNSIG=Uncertain_significance, GENEINFO=SAMD11:148398, CLNSIGSCV=SCV003211500, CLNVCSO=SO:0001483, CLNVI=ClinGen:CA502427, ORIGIN=1, MC=SO:0001583|missense_variant, CLNREVSTAT=criteria_provided,_single_submitter, CLNDN=not_provided, ALLELEID=2074412, CLNHGVS=NC_000001.11:g.930201C>T}",,,,,,,,,,,,"{vep=null}"
"a088b592-8443-4c8b-a555-4c09623fb792-0","1","930202","930203","[972363]","C","[T]",,,"false","{CLNVC=single_nucleotide_variant, RS=767794127, CLNDISDB=MedGen:CN169374|MedGen:C3661900, CLNSIG=Uncertain_significance, GENEINFO=SAMD11:148398, CLNSIGSCV=SCV001421864|SCV003757112, CLNVCSO=SO:0001483, CLNVI=ClinGen:CA502428, AF_EXAC=0.00008, ORIGIN=1, MC=SO:0001583|missense_variant, CLNREVSTAT=criteria_provided,_multiple_submitters,_no_conflicts, CLNDN=not_specified|not_provided, ALLELEID=959431, CLNHGVS=NC_000001.11:g.930203C>T}",,,,,,,,,,,,"{vep=null}"
"a088b592-8443-4c8b-a555-4c09623fb792-0","1","930203","930204","[1170208]","G","[A]",,,"false","{CLNVC=single_nucleotide_variant, RS=148711625, CLNDISDB=MedGen:C3661900|., CLNSIG=Benign, GENEINFO=SAMD11:148398, CLNSIGSCV=SCV001731891|SCV005281923, CLNVCSO=SO:0001483, CLNVI=ClinGen:CA502429, AF_EXAC=0.00595, AF_TGP=0.01098, ORIGIN=1, MC=SO:0001583|missense_variant, CLNREVSTAT=criteria_provided,_multiple_submitters,_no_conflicts, AF_ESP=0.01083, CLNDN=not_provided|SAMD11-related_disorder, ALLELEID=1153702, CLNHGVS=NC_000001.11:g.930204G>A}",,,,,,,,,,,,"{vep=null}"
"a088b592-8443-4c8b-a555-4c09623fb792-0","1","930208","930209","[1653547]","C","[T]",,,"false","{CLNVC=single_nucleotide_variant, RS=2100306465, CLNDISDB=MedGen:C3661900, CLNSIG=Likely_benign, GENEINFO=SAMD11:148398, CLNSIGSCV=SCV002475646, CLNVCSO=SO:0001483, CLNVI=ClinGen:CA415379535, ORIGIN=1, MC=SO:0001819|synonymous_variant, CLNREVSTAT=criteria_provided,_single_submitter, CLNDN=not_provided, ALLELEID=1548120, CLNHGVS=NC_000001.11:g.930209C>T}",,,,,,,,,,,,"{vep=null}"
"a088b592-8443-4c8b-a555-4c09623fb792-0","1","930209","930213","[2059344]","TGAA","[T]",,,"false","{CLNVC=Microsatellite, RS=1181839556, CLNDISDB=MedGen:C3661900, CLNSIG=Uncertain_significance, GENEINFO=SAMD11:148398, CLNSIGSCV=SCV003270959, CLNVCSO=SO:0000289, CLNVI=ClinGen:CA520604287, ORIGIN=1, MC=SO:0001822|inframe_deletion, CLNREVSTAT=criteria_provided,_single_submitter, CLNDN=not_provided, ALLELEID=2117203, CLNHGVS=NC_000001.11:g.930212AAG[1]}",,,,,,,,,,,,"{vep=null}"
"a088b592-8443-4c8b-a555-4c09623fb792-0","1","930211","930212","[3949370]","A","[C]",,,"false","{CLNVC=single_nucleotide_variant, CLNDISDB=MedGen:CN169374, CLNSIG=Uncertain_significance, GENEINFO=SAMD11:148398, CLNSIGSCV=SCV006159545, CLNVCSO=SO:0001483, ORIGIN=1, MC=SO:0001583|missense_variant, CLNREVSTAT=criteria_provided,_single_submitter, CLNDN=not_specified, ALLELEID=4065956, CLNHGVS=NC_000001.11:g.930212A>C}",,,,,,,,,,,,"{vep=null}"
"a088b592-8443-4c8b-a555-4c09623fb792-0","1","930214","930215","[1409578]","A","[G]",,,"false","{CLNVC=single_nucleotide_variant, RS=903331232, CLNDISDB=MedGen:C3661900, CLNSIG=Uncertain_significance, GENEINFO=SAMD11:148398, CLNSIGSCV=SCV002186738, CLNVCSO=SO:0001483, CLNVI=ClinGen:CA16706980, ORIGIN=1, MC=SO:0001583|missense_variant, CLNREVSTAT=criteria_provided,_single_submitter, CLNDN=not_provided, ALLELEID=1340647, CLNHGVS=NC_000001.11:g.930215A>G}",,,,,,,,,,,,"{vep=null}"
"a088b592-8443-4c8b-a555-4c09623fb792-0","1","930217","930218","[1523336]","G","[A]",,,"false","{CLNVC=single_nucleotide_variant, RS=1157485345, CLNDISDB=MedGen:C3661900, CLNSIG=Uncertain_significance, GENEINFO=SAMD11:148398, CLNSIGSCV=SCV002314466, CLNVCSO=SO:0001483, CLNVI=ClinGen:CA337791560, ORIGIN=1, MC=SO:0001583|missense_variant, CLNREVSTAT=criteria_provided,_single_submitter, CLNDN=not_provided, ALLELEID=1350505, CLNHGVS=NC_000001.11:g.930218G>A}",,,,,,,,,,,,"{vep=null}"
"a088b592-8443-4c8b-a555-4c09623fb792-0","1","930219","930220","[1667751]","G","[A]",,,"false","{CLNVC=single_nucleotide_variant, RS=2100306518, CLNDISDB=MedGen:C3661900, CLNSIG=Likely_benign, GENEINFO=SAMD11:148398, CLNSIGSCV=SCV002482363, CLNVCSO=SO:0001483, CLNVI=ClinGen:CA415379551, ORIGIN=1, MC=SO:0001819|synonymous_variant, CLNREVSTAT=criteria_provided,_single_submitter, CLNDN=not_provided, ALLELEID=1657034, CLNHGVS=NC_000001.11:g.930220G>A}",,,,,,,,,,,,"{vep=null}"
"a088b592-8443-4c8b-a555-4c09623fb792-0","1","930220","930221","[2133131]","C","[T]",,,"false","{CLNVC=single_nucleotide_variant, RS=934852613, CLNDISDB=MedGen:C3661900, CLNSIG=Uncertain_significance, GENEINFO=SAMD11:148398, CLNSIGSCV=SCV003350547, CLNVCSO=SO:0001483, CLNVI=ClinGen:CA337791585, ORIGIN=1, MC=SO:0001587|nonsense, CLNREVSTAT=criteria_provided,_single_submitter, CLNDN=not_provided, ALLELEID=2191970, CLNHGVS=NC_000001.11:g.930221C>T}",,,,,,,,,,,,"{vep=null}"
"a088b592-8443-4c8b-a555-4c09623fb792-0","1","930221","930227","[998906]","GAACTC","[TTCTTCTG]",,,"false","{CLNVC=Indel, RS=1641106338, CLNDISDB=MedGen:C3661900, CLNSIG=Uncertain_significance, GENEINFO=SAMD11:148398, CLNSIGSCV=SCV001483722, CLNVCSO=SO:1000032, CLNVI=ClinGen:CA1148682029, ORIGIN=1, MC=SO:0001589|frameshift_variant, CLNREVSTAT=criteria_provided,_single_submitter, CLNDN=not_provided, ALLELEID=987768, CLNHGVS=NC_000001.11:g.930222_930227delinsTTCTTCTG}",,,,,,,,,,,,"{vep=null}"
"a088b592-8443-4c8b-a555-4c09623fb792-0","1","930225","930226","[2081213]","T","[G]",,,"false","{CLNVC=single_nucleotide_variant, RS=752517447, CLNDISDB=MedGen:C3661900, CLNSIG=Likely_benign, GENEINFO=SAMD11:148398, CLNSIGSCV=SCV003297991, CLNVCSO=SO:0001483, CLNVI=ClinGen:CA502433, AF_EXAC=0.00003, ORIGIN=1, MC=SO:0001819|synonymous_variant, CLNREVSTAT=criteria_provided,_single_submitter, CLNDN=not_provided, ALLELEID=2143012, CLNHGVS=NC_000001.11:g.930226T>G}",,,,,,,,,,,,"{vep=null}"
"a088b592-8443-4c8b-a555-4c09623fb792-0","1","930227","930228","[1715702]","C","[G]",,,"false","{CLNVC=single_nucleotide_variant, RS=2522623881, CLNDISDB=MedGen:C3661900, CLNSIG=Uncertain_significance, GENEINFO=SAMD11:148398, CLNSIGSCV=SCV002590433, CLNVCSO=SO:0001483, CLNVI=ClinGen:CA337791648, ORIGIN=1, MC=SO:0001583|missense_variant, CLNREVSTAT=criteria_provided,_single_submitter, CLNDN=not_provided, ALLELEID=1773647, CLNHGVS=NC_000001.11:g.930228C>G}",,,,,,,,,,,,"{vep=null}"
"a088b592-8443-4c8b-a555-4c09623fb792-0","1","930229","930230","[2122561]","A","[G]",,,"false","{CLNVC=single_nucleotide_variant, RS=1365703744, CLNDISDB=MedGen:C3661900, CLNSIG=Uncertain_significance, GENEINFO=SAMD11:148398, CLNSIGSCV=SCV003340423, CLNVCSO=SO:0001483, CLNVI=ClinGen:CA337791656, ORIGIN=1, MC=SO:0001583|missense_variant, CLNREVSTAT=criteria_provided,_single_submitter, CLNDN=not_provided, ALLELEID=2184321, CLNHGVS=NC_000001.11:g.930230A>G}",,,,,,,,,,,,"{vep=null}"
"a088b592-8443-4c8b-a555-4c09623fb792-0","1","930234","930235","[2876353]","C","[T]",,,"false","{CLNVC=single_nucleotide_variant, RS=1641106936, CLNDISDB=MedGen:C3661900, CLNSIG=Likely_benign, GENEINFO=SAMD11:148398, CLNSIGSCV=SCV004477288, CLNVCSO=SO:0001483, CLNVI=ClinGen:CA415379568, ORIGIN=1, MC=SO:0001819|synonymous_variant, CLNREVSTAT=criteria_provided,_single_submitter, CLNDN=not_provided, ALLELEID=3035623, CLNHGVS=NC_000001.11:g.930235C>T}",,,,,,,,,,,,"{vep=null}"
"a088b592-8443-4c8b-a555-4c09623fb792-0","1","930242","930243","[1497763]","G","[A]",,,"false","{CLNVC=single_nucleotide_variant, RS=758467926, CLNDISDB=MedGen:C3661900, CLNSIG=Uncertain_significance, GENEINFO=SAMD11:148398, CLNSIGSCV=SCV002283214, CLNVCSO=SO:0001483, CLNVI=ClinGen:CA337791760, ORIGIN=1, MC=SO:0001583|missense_variant, CLNREVSTAT=criteria_provided,_single_submitter, CLNDN=not_provided, ALLELEID=1376283, CLNHGVS=NC_000001.11:g.930243G>A}",,,,,,,,,,,,"{vep=null}"
"a088b592-8443-4c8b-a555-4c09623fb792-0","1","930244","930245","[1131472]","G","[A]",,,"false","{CLNVC=single_nucleotide_variant, RS=146327803, CLNDISDB=MedGen:C3661900|., CLNSIG=Likely_benign, GENEINFO=SAMD11:148398, CLNSIGSCV=SCV001669353, CLNVCSO=SO:0001483, CLNVI=ClinGen:CA502436, AF_EXAC=0.00066, AF_TGP=0.00140, ORIGIN=1, MC=SO:0001583|missense_variant, CLNREVSTAT=criteria_provided,_single_submitter, AF_ESP=0.00069, CLNDN=not_provided|SAMD11-related_disorder, ALLELEID=1110866, CLNHGVS=NC_000001.11:g.930245G>A}",,,,,,,,,,,,"{vep=null}"
"a088b592-8443-4c8b-a555-4c09623fb792-0","1","930246","930247","[1145077]","T","[C]",,,"false","{CLNVC=single_nucleotide_variant, RS=756661577, CLNDISDB=MedGen:C3661900, CLNSIG=Likely_benign, GENEINFO=SAMD11:148398, CLNSIGSCV=SCV001688191, CLNVCSO=SO:0001483, CLNVI=ClinGen:CA502437, AF_EXAC=0.00004, ORIGIN=1, MC=SO:0001819|synonymous_variant, CLNREVSTAT=criteria_provided,_single_submitter, CLNDN=not_provided, ALLELEID=1131739, CLNHGVS=NC_000001.11:g.930247T>C}",,,,,,,,,,,,"{vep=null}"
"a088b592-8443-4c8b-a555-4c09623fb792-0","1","930247","930248","[789256]","G","[A]",,,"false","{CLNVC=single_nucleotide_variant, RS=41285790, CLNDISDB=MedGen:C3661900|., CLNSIG=Likely_benign, GENEINFO=SAMD11:148398, CLNSIGSCV=SCV001119512|SCV005257959, CLNVCSO=SO:0001483, CLNVI=ClinGen:CA502438, AF_EXAC=0.00622, AF_TGP=0.00280, ORIGIN=1, MC=SO:0001583|missense_variant, CLNREVSTAT=criteria_provided,_multiple_submitters,_no_conflicts, AF_ESP=0.00347, CLNDN=not_provided|SAMD11-related_disorder, ALLELEID=707587, CLNHGVS=NC_000001.11:g.930248G>A}",,,,,,,,,,,,"{vep=null}"
"a088b592-8443-4c8b-a555-4c09623fb792-0","1","930252","930253","[3791854]","C","[A]",,,"false","{CLNVC=single_nucleotide_variant, CLNDISDB=MedGen:CN169374, CLNSIG=Uncertain_significance, GENEINFO=SAMD11:148398, CLNSIGSCV=SCV005933538, CLNVCSO=SO:0001483, ORIGIN=1, MC=SO:0001583|missense_variant, CLNREVSTAT=criteria_provided,_single_submitter, CLNDN=not_specified, ALLELEID=3906510, CLNHGVS=NC_000001.11:g.930253C>A}",,,,,,,,,,,,"{vep=null}"
"a088b592-8443-4c8b-a555-4c09623fb792-0","1","930255","930256","[2998369]","C","[T]",,,"false","{CLNVC=single_nucleotide_variant, RS=1023405473, CLNDISDB=MedGen:C3661900, CLNSIG=Likely_benign, GENEINFO=SAMD11:148398, CLNSIGSCV=SCV004660769, CLNVCSO=SO:0001483, CLNVI=ClinGen:CA16707039, ORIGIN=1, MC=SO:0001819|synonymous_variant, CLNREVSTAT=criteria_provided,_single_submitter, CLNDN=not_provided, ALLELEID=3159961, CLNHGVS=NC_000001.11:g.930256C>T}",,,,,,,,,,,,"{vep=null}"
"a088b592-8443-4c8b-a555-4c09623fb792-0","1","930256","930257","[3949366]","G","[A]",,,"false","{CLNVC=single_nucleotide_variant, CLNDISDB=MedGen:CN169374, CLNSIG=Uncertain_significance, GENEINFO=SAMD11:148398, CLNSIGSCV=SCV006159532, CLNVCSO=SO:0001483, ORIGIN=1, MC=SO:0001583|missense_variant, CLNREVSTAT=criteria_provided,_single_submitter, CLNDN=not_specified, ALLELEID=4065952, CLNHGVS=NC_000001.11:g.930257G>A}",,,,,,,,,,,,"{vep=null}"
"a088b592-8443-4c8b-a555-4c09623fb792-0","1","930258","930259","[1652015]","C","[T]",,,"false","{CLNVC=single_nucleotide_variant, RS=780458271, CLNDISDB=MedGen:C3661900, CLNSIG=Likely_benign, GENEINFO=SAMD11:148398, CLNSIGSCV=SCV002470652, CLNVCSO=SO:0001483, CLNVI=ClinGen:CA502441, AF_EXAC=0.00003, ORIGIN=1, MC=SO:0001819|synonymous_variant, CLNREVSTAT=criteria_provided,_single_submitter, CLNDN=not_provided, ALLELEID=1613241, CLNHGVS=NC_000001.11:g.930259C>T}",,,,,,,,,,,,"{vep=null}"
"a088b592-8443-4c8b-a555-4c09623fb792-0","1","930259","930260","[1499045]","G","[A]",,,"false","{CLNVC=single_nucleotide_variant, RS=749652698, CLNDISDB=MedGen:C3661900, CLNSIG=Uncertain_significance, GENEINFO=SAMD11:148398, CLNSIGSCV=SCV002279134, CLNVCSO=SO:0001483, CLNVI=ClinGen:CA502442, ORIGIN=1, MC=SO:0001583|missense_variant, CLNREVSTAT=criteria_provided,_single_submitter, CLNDN=not_provided, ALLELEID=1488790, CLNHGVS=NC_000001.11:g.930260G>A}",,,,,,,,,,,,"{vep=null}"
"a088b592-8443-4c8b-a555-4c09623fb792-0","1","930260","930261","[2631721]","G","[A]",,,"false","{CLNVC=single_nucleotide_variant, RS=2100306794, CLNDISDB=., CLNSIG=Uncertain_significance, GENEINFO=SAMD11:148398, CLNSIGSCV=SCV004103189, CLNVCSO=SO:0001483, CLNVI=ClinGen:CA337791936, ORIGIN=1, MC=SO:0001583|missense_variant, CLNREVSTAT=criteria_provided,_single_submitter, CLNDN=SAMD11-related_disorder, ALLELEID=2801254, CLNHGVS=NC_000001.11:g.930261G>A}",,,,,,,,,,,,"{vep=null}"
"a088b592-8443-4c8b-a555-4c09623fb792-0","1","930260","930261","[1473769]","G","[C]",,,"false","{CLNVC=single_nucleotide_variant, RS=2100306794, CLNDISDB=MedGen:C3661900, CLNSIG=Uncertain_significance, GENEINFO=SAMD11:148398, CLNSIGSCV=SCV002265196, CLNVCSO=SO:0001483, CLNVI=ClinGen:CA337791940, ORIGIN=1, MC=SO:0001583|missense_variant, CLNREVSTAT=criteria_provided,_single_submitter, CLNDN=not_provided, ALLELEID=1387765, CLNHGVS=NC_000001.11:g.930261G>C}",,,,,,,,,,,,"{vep=null}"
"a088b592-8443-4c8b-a555-4c09623fb792-0","1","930261","930262","[1534041]","G","[A]",,,"false","{CLNVC=single_nucleotide_variant, RS=2100306801, CLNDISDB=MedGen:C3661900, CLNSIG=Likely_benign, GENEINFO=SAMD11:148398, CLNSIGSCV=SCV002321706, CLNVCSO=SO:0001483, CLNVI=ClinGen:CA415379612, ORIGIN=1, MC=SO:0001819|synonymous_variant, CLNREVSTAT=criteria_provided,_single_submitter, CLNDN=not_provided, ALLELEID=1647609, CLNHGVS=NC_000001.11:g.930262G>A}",,,,,,,,,,,,"{vep=null}"
"a088b592-8443-4c8b-a555-4c09623fb792-0","1","930264","930265","[1919925]","T","[C]",,,"false","{CLNVC=single_nucleotide_variant, RS=774782309, CLNDISDB=MedGen:C3661900, CLNSIG=Likely_benign, GENEINFO=SAMD11:148398, CLNSIGSCV=SCV002958239, CLNVCSO=SO:0001483, CLNVI=ClinGen:CA415379617, ORIGIN=1, MC=SO:0001819|synonymous_variant, CLNREVSTAT=criteria_provided,_single_submitter, CLNDN=not_provided, ALLELEID=1978838, CLNHGVS=NC_000001.11:g.930265T>C}",,,,,,,,,,,,"{vep=null}"
"a088b592-8443-4c8b-a555-4c09623fb792-0","1","930264","930265","[1368373]","T","[G]",,,"false","{CLNVC=single_nucleotide_variant, RS=774782309, CLNDISDB=MedGen:C3661900, CLNSIG=Uncertain_significance, GENEINFO=SAMD11:148398, CLNSIGSCV=SCV002135283, CLNVCSO=SO:0001483, CLNVI=ClinGen:CA502444, AF_EXAC=0.00002, ORIGIN=1, MC=SO:0001583|missense_variant, CLNREVSTAT=criteria_provided,_single_submitter, CLNDN=not_provided, ALLELEID=1339966, CLNHGVS=NC_000001.11:g.930265T>G}",,,,,,,,,,,,"{vep=null}"
"a088b592-8443-4c8b-a555-4c09623fb792-0","1","930273","930274","[1672121]","C","[T]",,,"false","{CLNVC=single_nucleotide_variant, RS=147544000, CLNDISDB=MedGen:C3661900, CLNSIG=Likely_benign, GENEINFO=SAMD11:148398, CLNSIGSCV=SCV002491542, CLNVCSO=SO:0001483, CLNVI=ClinGen:CA16707057, ORIGIN=1, MC=SO:0001819|synonymous_variant, CLNREVSTAT=criteria_provided,_single_submitter, AF_ESP=0.00008, CLNDN=not_provided, ALLELEID=1647430, CLNHGVS=NC_000001.11:g.930274C>T}",,,,,,,,,,,,"{vep=null}"
"a088b592-8443-4c8b-a555-4c09623fb792-0","1","930274","930275","[969662]","T","[G]",,,"false","{CLNVC=single_nucleotide_variant, RS=772007449, CLNDISDB=MedGen:C3661900, CLNSIG=Uncertain_significance, GENEINFO=SAMD11:148398, CLNSIGSCV=SCV001418319, CLNVCSO=SO:0001483, CLNVI=ClinGen:CA502446, AF_EXAC=0.00004, ORIGIN=1, MC=SO:0001583|missense_variant, CLNREVSTAT=criteria_provided,_single_submitter, CLNDN=not_provided, ALLELEID=959432, CLNHGVS=NC_000001.11:g.930275T>G}",,,,,,,,,,,,"{vep=null}"
"a088b592-8443-4c8b-a555-4c09623fb792-0","1","930278","930279","[1993184]","G","[A]",,,"false","{CLNVC=single_nucleotide_variant, RS=2522624244, CLNDISDB=MedGen:C3661900, CLNSIG=Uncertain_significance, GENEINFO=SAMD11:148398, CLNSIGSCV=SCV003197267, CLNVCSO=SO:0001483, CLNVI=ClinGen:CA337792128, ORIGIN=1, MC=SO:0001583|missense_variant, CLNREVSTAT=criteria_provided,_single_submitter, CLNDN=not_provided, ALLELEID=2052837, CLNHGVS=NC_000001.11:g.930279G>A}",,,,,,,,,,,,"{vep=null}"
"a088b592-8443-4c8b-a555-4c09623fb792-0","1","930280","930281","[1476127]","C","[T]",,,"false","{CLNVC=single_nucleotide_variant, RS=1641108930, CLNDISDB=MedGen:C3661900, CLNSIG=Uncertain_significance, GENEINFO=SAMD11:148398, CLNSIGSCV=SCV002262314, CLNVCSO=SO:0001483, CLNVI=ClinGen:CA337792132, ORIGIN=1, MC=SO:0001583|missense_variant, CLNREVSTAT=criteria_provided,_single_submitter, CLNDN=not_provided, ALLELEID=1423846, CLNHGVS=NC_000001.11:g.930281C>T}",,,,,,,,,,,,"{vep=null}"
"a088b592-8443-4c8b-a555-4c09623fb792-0","1","930281","930282","[1140293]","G","[A]",,,"false","{CLNVC=single_nucleotide_variant, RS=140751899, CLNDISDB=.|MedGen:C3661900, CLNSIG=Likely_benign, GENEINFO=SAMD11:148398, CLNSIGSCV=SCV001681544, CLNVCSO=SO:0001483, CLNVI=ClinGen:CA502447, AF_EXAC=0.00064, AF_TGP=0.00080, ORIGIN=1, MC=SO:0001583|missense_variant, CLNREVSTAT=criteria_provided,_single_submitter, AF_ESP=0.00146, CLNDN=SAMD11-related_disorder|not_provided, ALLELEID=1110867, CLNHGVS=NC_000001.11:g.930282G>A}",,,,,,,,,,,,"{vep=null}"
"a088b592-8443-4c8b-a555-4c09623fb792-0","1","930282","930283","[3648675]","G","[A]",,,"false","{CLNVC=single_nucleotide_variant, CLNDISDB=MedGen:C3661900, CLNSIG=Likely_benign, GENEINFO=SAMD11:148398, CLNSIGSCV=SCV005751338, CLNVCSO=SO:0001483, ORIGIN=1, MC=SO:0001819|synonymous_variant, CLNREVSTAT=criteria_provided,_single_submitter, CLNDN=not_provided, ALLELEID=3784532, CLNHGVS=NC_000001.11:g.930283G>A}",,,,,,,,,,,,"{vep=null}"
"a088b592-8443-4c8b-a555-4c09623fb792-0","1","930283","930284","[1435698]","C","[T]",,,"false","{CLNVC=single_nucleotide_variant, RS=199655347, CLNDISDB=MedGen:C3661900, CLNSIG=Uncertain_significance, GENEINFO=SAMD11:148398, CLNSIGSCV=SCV002212924, CLNVCSO=SO:0001483, CLNVI=ClinGen:CA502448, AF_EXAC=0.00013, AF_TGP=0.00020, ORIGIN=1, MC=SO:0001583|missense_variant, CLNREVSTAT=criteria_provided,_single_submitter, AF_ESP=0.00008, CLNDN=not_provided, ALLELEID=1500694, CLNHGVS=NC_000001.11:g.930284C>T}",,,,,,,,,,,,"{vep=null}"
"a088b592-8443-4c8b-a555-4c09623fb792-0","1","930284","930285","[1165489]","G","[A]",,,"false","{CLNVC=single_nucleotide_variant, RS=145442390, CLNDISDB=MedGen:C3661900, CLNSIG=Benign, GENEINFO=SAMD11:148398, CLNSIGSCV=SCV001720098, CLNVCSO=SO:0001483, CLNVI=ClinGen:CA502449, AF_EXAC=0.00094, ORIGIN=1, MC=SO:0001583|missense_variant, CLNREVSTAT=criteria_provided,_single_submitter, AF_ESP=0.00062, CLNDN=not_provided, ALLELEID=1153703, CLNHGVS=NC_000001.11:g.930285G>A}",,,,,,,,,,,,"{vep=null}"
"a088b592-8443-4c8b-a555-4c09623fb792-0","1","930291","930292","[1646781]","C","[G]",,,"false","{CLNVC=single_nucleotide_variant, RS=1335979543, CLNDISDB=MedGen:C3661900, CLNSIG=Likely_benign, GENEINFO=SAMD11:148398, CLNSIGSCV=SCV002463806, CLNVCSO=SO:0001483, CLNVI=ClinGen:CA415379670, ORIGIN=1, MC=SO:0001819|synonymous_variant, CLNREVSTAT=criteria_provided,_single_submitter, CLNDN=not_provided, ALLELEID=1599805, CLNHGVS=NC_000001.11:g.930292C>G}",,,,,,,,,,,,"{vep=null}"
"a088b592-8443-4c8b-a555-4c09623fb792-0","1","930311","930312","[1505398]","C","[G]",,,"false","{CLNVC=single_nucleotide_variant, RS=539026517, CLNDISDB=MedGen:C3661900, CLNSIG=Uncertain_significance, GENEINFO=SAMD11:148398, CLNSIGSCV=SCV002291538, CLNVCSO=SO:0001483, CLNVI=ClinGen:CA502456, AF_EXAC=0.00037, AF_TGP=0.00020, ORIGIN=1, MC=SO:0001583|missense_variant, CLNREVSTAT=criteria_provided,_single_submitter, CLNDN=not_provided, ALLELEID=1436965, CLNHGVS=NC_000001.11:g.930312C>G}",,,,,,,,,,,,"{vep=null}"
"a088b592-8443-4c8b-a555-4c09623fb792-0","1","930311","930312","[1484446]","C","[T]",,,"false","{CLNVC=single_nucleotide_variant, RS=539026517, CLNDISDB=MedGen:C3661900|MedGen:CN169374, CLNSIG=Uncertain_significance, GENEINFO=SAMD11:148398, CLNSIGSCV=SCV002275690|SCV003734238, CLNVCSO=SO:0001483, CLNVI=ClinGen:CA337792630, ORIGIN=1, MC=SO:0001583|missense_variant, CLNREVSTAT=criteria_provided,_multiple_submitters,_no_conflicts, CLNDN=not_provided|not_specified, ALLELEID=1455375, CLNHGVS=NC_000001.11:g.930312C>T}",,,,,,,,,,,,"{vep=null}"
"a088b592-8443-4c8b-a555-4c09623fb792-0","1","930312","930313","[1671776]","G","[A]",,,"false","{CLNVC=single_nucleotide_variant, RS=558591746, CLNDISDB=MedGen:C3661900, CLNSIG=Likely_benign, GENEINFO=SAMD11:148398, CLNSIGSCV=SCV002491462, CLNVCSO=SO:0001483, CLNVI=ClinGen:CA502457, AF_EXAC=0.00003, AF_TGP=0.00020, ORIGIN=1, MC=SO:0001819|synonymous_variant, CLNREVSTAT=criteria_provided,_single_submitter, CLNDN=not_provided, ALLELEID=1584013, CLNHGVS=NC_000001.11:g.930313G>A}",,,,,,,,,,,,"{vep=null}"
"a088b592-8443-4c8b-a555-4c09623fb792-0","1","930313","930314","[1170010]","C","[T]",,,"false","{CLNVC=single_nucleotide_variant, RS=9988179, CLNDISDB=.|MedGen:C3661900, CLNSIG=Benign, GENEINFO=SAMD11:148398, CLNSIGSCV=SCV001731373|SCV005282146, CLNVCSO=SO:0001483, CLNVI=ClinGen:CA502459, AF_EXAC=0.03810, AF_TGP=0.05252, ORIGIN=1, MC=SO:0001583|missense_variant, CLNREVSTAT=criteria_provided,_multiple_submitters,_no_conflicts, AF_ESP=0.00732, CLNDN=SAMD11-related_disorder|not_provided, ALLELEID=1153704, CLNHGVS=NC_000001.11:g.930314C>T}",,,,,,,,,,,,"{vep=null}"
"a088b592-8443-4c8b-a555-4c09623fb792-0","1","930315","930316","[1547483]","C","[T]",,,"false","{CLNVC=single_nucleotide_variant, RS=544377093, CLNDISDB=MedGen:C3661900, CLNSIG=Likely_benign, GENEINFO=SAMD11:148398, CLNSIGSCV=SCV002342770, CLNVCSO=SO:0001483, CLNVI=ClinGen:CA502460, AF_EXAC=0.00003, AF_TGP=0.00020, ORIGIN=1, MC=SO:0001819|synonymous_variant, CLNREVSTAT=criteria_provided,_single_submitter, CLNDN=not_provided, ALLELEID=1624557, CLNHGVS=NC_000001.11:g.930316C>T}",,,,,,,,,,,,"{vep=null}"
"a088b592-8443-4c8b-a555-4c09623fb792-0","1","930316","930317","[1002057]","A","[G]",,,"false","{CLNVC=single_nucleotide_variant, RS=779619427, CLNDISDB=MedGen:CN169374|MedGen:C3661900, CLNSIG=Conflicting_classifications_of_pathogenicity, GENEINFO=SAMD11:148398, CLNSIGSCV=SCV001487486|SCV004945557, CLNVCSO=SO:0001483, CLNVI=ClinGen:CA502461, AF_EXAC=0.00003, ORIGIN=1, CLNSIGCONF=Uncertain_significance(1)|Likely_benign(1), MC=SO:0001583|missense_variant, CLNREVSTAT=criteria_provided,_conflicting_classifications, CLNDN=not_specified|not_provided, ALLELEID=987769, CLNHGVS=NC_000001.11:g.930317A>G}",,,,,,,,,,,,"{vep=null}"
"a088b592-8443-4c8b-a555-4c09623fb792-0","1","930319","930320","[1359546]","C","[G]",,,"false","{CLNVC=single_nucleotide_variant, RS=116730894, CLNDISDB=MedGen:C3661900, CLNSIG=Uncertain_significance, GENEINFO=SAMD11:148398, CLNSIGSCV=SCV002121366, CLNVCSO=SO:0001483, CLNVI=ClinGen:CA337792808, ORIGIN=1, MC=SO:0001583|missense_variant, CLNREVSTAT=criteria_provided,_single_submitter, CLNDN=not_provided, ALLELEID=1370726, CLNHGVS=NC_000001.11:g.930320C>G}",,,,,,,,,,,,"{vep=null}"
"a088b592-8443-4c8b-a555-4c09623fb792-0","1","930319","930320","[1099322]","C","[T]",,,"false","{CLNVC=single_nucleotide_variant, RS=116730894, CLNDISDB=MedGen:C3661900, CLNSIG=Likely_benign, GENEINFO=SAMD11:148398, CLNSIGSCV=SCV001624091, CLNVCSO=SO:0001483, CLNVI=ClinGen:CA502462, AF_EXAC=0.00064, AF_TGP=0.00120, ORIGIN=1, MC=SO:0001583|missense_variant, CLNREVSTAT=criteria_provided,_single_submitter, AF_ESP=0.00108, CLNDN=not_provided, ALLELEID=1089339, CLNHGVS=NC_000001.11:g.930320C>T}",,,,,,,,,,,,"{vep=null}"
"a088b592-8443-4c8b-a555-4c09623fb792-0","1","930320","930321","[1002043]","G","[A]",,,"false","{CLNVC=single_nucleotide_variant, RS=768961023, CLNDISDB=MedGen:CN169374|MedGen:C3661900, CLNSIG=Uncertain_significance, GENEINFO=SAMD11:148398, CLNSIGSCV=SCV001487471|SCV006159534, CLNVCSO=SO:0001483, CLNVI=ClinGen:CA502463, AF_EXAC=0.00009, ORIGIN=1, MC=SO:0001583|missense_variant, CLNREVSTAT=criteria_provided,_multiple_submitters,_no_conflicts, CLNDN=not_specified|not_provided, ALLELEID=987770, CLNHGVS=NC_000001.11:g.930321G>A}",,,,,,,,,,,,"{vep=null}"
"a088b592-8443-4c8b-a555-4c09623fb792-0","1","930320","930321","[1478458]","G","[T]",,,"false","{CLNVC=single_nucleotide_variant, RS=768961023, CLNDISDB=MedGen:C3661900, CLNSIG=Uncertain_significance, GENEINFO=SAMD11:148398, CLNSIGSCV=SCV002263602, CLNVCSO=SO:0001483, CLNVI=ClinGen:CA337792814, ORIGIN=1, MC=SO:0001583|missense_variant, CLNREVSTAT=criteria_provided,_single_submitter, CLNDN=not_provided, ALLELEID=1429695, CLNHGVS=NC_000001.11:g.930321G>T}",,,,,,,,,,,,"{vep=null}"
"a088b592-8443-4c8b-a555-4c09623fb792-0","1","930322","930323","[1367641]","A","[G]",,,"false","{CLNVC=single_nucleotide_variant, RS=575065934, CLNDISDB=MedGen:C3661900|MedGen:CN169374, CLNSIG=Uncertain_significance, GENEINFO=SAMD11:148398, CLNSIGSCV=SCV002133812|SCV005161144, CLNVCSO=SO:0001483, CLNVI=ClinGen:CA502464, AF_EXAC=0.00009, AF_TGP=0.00020, ORIGIN=1, MC=SO:0001583|missense_variant, CLNREVSTAT=criteria_provided,_multiple_submitters,_no_conflicts, CLNDN=not_provided|not_specified, ALLELEID=1401491, CLNHGVS=NC_000001.11:g.930323A>G}",,,,,,,,,,,,"{vep=null}"
"a088b592-8443-4c8b-a555-4c09623fb792-0","1","930323","930324","[3157634]","T","[C]",,,"false","{CLNVC=single_nucleotide_variant, RS=748645146, CLNDISDB=MedGen:CN169374, CLNSIG=Uncertain_significance, GENEINFO=SAMD11:148398, CLNSIGSCV=SCV004945558, CLNVCSO=SO:0001483, CLNVI=ClinGen:CA502465, AF_EXAC=0.00002, ORIGIN=1, MC=SO:0001583|missense_variant, CLNREVSTAT=criteria_provided,_single_submitter, CLNDN=not_specified, ALLELEID=3320394, CLNHGVS=NC_000001.11:g.930324T>C}",,,,,,,,,,,,"{vep=null}"
"a088b592-8443-4c8b-a555-4c09623fb792-0","1","930324","930325","[1168187]","C","[T]",,,"false","{CLNVC=single_nucleotide_variant, RS=146331776, CLNDISDB=.|MedGen:C3661900, CLNSIG=Benign, GENEINFO=SAMD11:148398, CLNSIGSCV=SCV001726882, CLNVCSO=SO:0001483, CLNVI=ClinGen:CA502466, AF_EXAC=0.00092, AF_TGP=0.00300, ORIGIN=1, MC=SO:0001819|synonymous_variant, CLNREVSTAT=criteria_provided,_single_submitter, AF_ESP=0.00169, CLNDN=SAMD11-related_disorder|not_provided, ALLELEID=1153705, CLNHGVS=NC_000001.11:g.930325C>T}",,,,,,,,,,,,"{vep=null}"
"a088b592-8443-4c8b-a555-4c09623fb792-0","1","930326","930327","[3157635]","T","[C]",,,"false","{CLNVC=single_nucleotide_variant, RS=1378184446, CLNDISDB=MedGen:CN169374, CLNSIG=Uncertain_significance, GENEINFO=SAMD11:148398, CLNSIGSCV=SCV004945559, CLNVCSO=SO:0001483, CLNVI=ClinGen:CA337792922, ORIGIN=1, MC=SO:0001583|missense_variant, CLNREVSTAT=criteria_provided,_single_submitter, CLNDN=not_specified, ALLELEID=3320395, CLNHGVS=NC_000001.11:g.930327T>C}",,,,,,,,,,,,"{vep=null}"
